StartDate,EndDate,Status,Progress,Duration (in seconds),Finished,RecordedDate,RecipientLastName,RecipientFirstName,RecipientEmail,ExternalReference,LocationLatitude,LocationLongitude,DistributionChannel,UserLanguage,Consent,Growth_Timer_1_First Click,Growth_Timer_1_Last Click,Growth_Timer_1_Page Submit,Growth_Timer_1_Click Count,Growth_Timer_2_First Click,Growth_Timer_2_Last Click,Growth_Timer_2_Page Submit,Growth_Timer_2_Click Count,Fixed_Timer_1_First Click,Fixed_Timer_1_Last Click,Fixed_Timer_1_Page Submit,Fixed_Timer_1_Click Count,Fixed_Timer_2_First Click,Fixed_Timer_2_Last Click,Fixed_Timer_2_Page Submit,Fixed_Timer_2_Click Count,Percep_Fac_Mindset_1,Percep_Fac_Mindset_2,Percep_Fac_Mindset_3,Percep_Fac_Mindset_4,Percep_Fac_Mindset_5,Percep_Stereo_1,Percep_Stereo_2,Belong_1,Belong_2,Belong_3,Belong_4,Personal_Mindset_1,Personal_Mindset_2,Age,Race_Ethn,Race_Ethn_8_TEXT,Gender,Parental_Education,Current_Student,Current_Student_3_TEXT,Study_Purpose,Additional_Thoughts,Data_Quality,Condition
11/30/25 20:50,11/30/25 21:04,0,100,815,1,11/30/25 21:04,,,,,34.1576,-118.2675,anonymous,EN,4,0,0,595.064,0,0,0,85.258,0,,,,,,,,,1,1,6,1,1,1,1,3,3,3,5,1,1,23,2,,2,4,1,,opinions of college courses/professors,,1,Growth
11/30/25 21:00,11/30/25 21:11,0,100,690,1,11/30/25 21:11,,,,,30.1024,-95.2297,anonymous,EN,4,0,0,196.558,0,0,0,90.025,0,,,,,,,,,2,2,6,2,2,1,1,1,2,1,6,3,3,25,2,,1,2,1,,To gage if you're able to make an overall character evaluation of a Professor based on their syllabus writing.,I don't think so.,1,Growth
11/30/25 21:01,11/30/25 21:12,0,100,663,1,11/30/25 21:12,,,,,35.6263,-78.8458,anonymous,EN,4,,,,,,,,,0,0,128.494,0,0,0,168.377,0,6,6,2,6,6,2,3,5,6,5,3,3,2,22,2,,2,3,1,,To get opinions of college students based on syllabus material and the likelihood of them taking the course,No,1,Fixed
11/30/25 21:12,11/30/25 21:18,0,100,363,1,11/30/25 21:18,,,,,40.798,-74.2416,anonymous,EN,4,0,0,103.701,0,0,0,64.462,0,,,,,,,,,3,2,4,2,3,1,1,2,4,4,6,3,4,22,1,,2,5,1,,to see what students think of typical course syllabi,,1,Growth
11/30/25 20:47,11/30/25 21:19,0,100,1967,1,11/30/25 21:19,,,,,27.9929,-82.403,anonymous,EN,4,,,,,,,,,841.774,841.774,842.187,1,0,0,10.9,0,5,4,2,4,4,3,4,5,5,5,2,1,1,22,3,,2,4,1,,To see how students feel about the class of a professor ,No,1,Fixed
11/30/25 21:41,11/30/25 21:46,0,100,344,1,11/30/25 21:46,,,,,34.0582,-118.126,anonymous,EN,4,,,,,,,,,0,0,40.192,0,0,0,30.142,0,6,6,1,6,5,5,5,6,6,6,2,2,2,22,4,,1,4,1,,what we think of the syllabus and class,,1,Fixed
11/30/25 21:44,11/30/25 21:50,0,100,362,1,11/30/25 21:50,,,,,40.0146,-75.7136,anonymous,EN,4,20.315,98.385,99.168,12,11.437,60.014,61.502,9,,,,,,,,,1,1,6,1,1,1,1,2,3,3,5,1,1,22,4,,3,4,1,,I think the purpose may be to assess how the wording of an syllabus affects the perception of a person.,I thought it was an very interesting study! It was fun reading through the syllabus,1,Growth
11/30/25 23:31,11/30/25 23:35,0,100,229,1,11/30/25 23:35,,,,,33.4474,-88.8205,anonymous,EN,4,,,,,,,,,2.849,49.408,49.434,10,15.931,42.372,44.062,3,5,4,3,5,5,1,1,5,5,4,2,5,5,22,1,,1,6,1,,To see if we can make an opinion about a professor based on the syllabus ,No,1,Fixed
11/30/25 23:52,11/30/25 23:57,0,100,302,1,11/30/25 23:57,,,,,33.4494,-112.1941,anonymous,EN,4,,,,,,,,,0,0,102.004,0,0,0,46.952,0,6,6,1,6,6,6,6,6,6,6,1,2,2,25,1,,2,4,1,,Sexism and instructor attitudes,No,1,Fixed
12/1/25 0:00,12/1/25 0:07,0,100,391,1,12/1/25 0:07,,,,,39.5381,-119.8365,anonymous,EN,4,92.333,92.333,93.031,1,0,0,85.818,0,,,,,,,,,1,2,6,1,1,2,1,2,2,3,5,1,1,21,1,,2,4,1,,to see college students opions of this professor,,1,Growth
12/1/25 0:16,12/1/25 0:20,0,100,192,1,12/1/25 0:20,,,,,34.8775,-92.2265,anonymous,EN,4,,,,,,,,,1.733,3.59,8.701,2,2.276,10.216,10.817,4,4,3,5,2,2,1,1,3,3,3,3,3,3,21,3,,2,2,1,,Impressions on college courses,N/a,2,Fixed
12/1/25 0:15,12/1/25 0:25,0,100,584,1,12/1/25 0:25,,,,,31.8378,-106.538,anonymous,EN,4,0,0,206.692,0,0,0,126.518,0,,,,,,,,,2,1,6,1,1,1,1,1,1,1,6,3,3,22,2,,1,4,1,,To see how students feel about a teacher's syllabus and how welcoming we think the teacher is as well.,Thank you for this opportunity.,1,Growth
12/1/25 0:44,12/1/25 0:51,0,100,417,1,12/1/25 0:51,,,,,37.7833,-122.4952,anonymous,EN,4,0.828,90.649,92.035,23,1.086,63.055,64.5,16,,,,,,,,,2,4,4,2,1,3,2,4,5,4,4,2,1,20,4,,1,1,1,,To rate my opinion on a course description as well as my preconceptions of the course and professor.,No,1,Growth
12/1/25 4:43,12/1/25 4:48,0,100,320,1,12/1/25 4:48,,,,,38.8463,-77.4667,anonymous,EN,4,,,,,,,,,11.07,86.682,90.533,6,10.91,26.923,28.746,3,2,3,5,5,2,2,2,6,6,6,1,2,3,20,3,,3,4,1,,if intelligence can be changed,,1,Fixed
12/1/25 5:30,12/1/25 5:35,0,100,294,1,12/1/25 5:35,,,,,32.4413,-81.7711,anonymous,EN,4,0,0,112.758,0,0,0,64.224,0,,,,,,,,,6,3,6,2,3,1,1,4,5,4,2,1,1,21,3,,2,2,1,,Predict a teacher based on their syllabus,N/A,1,Growth
12/1/25 6:27,12/1/25 6:32,0,100,326,1,12/1/25 6:32,,,,,30.0182,-95.4091,anonymous,EN,4,,,,,,,,,0,0,88.419,0,0,0,50.939,0,4,6,2,6,6,4,5,4,2,5,3,2,3,20,4,,2,4,1,,How college students perceive course descriptions.,N/A,1,Fixed
12/1/25 7:23,12/1/25 7:33,0,100,582,1,12/1/25 7:33,,,,,37.3825,-79.2181,anonymous,EN,4,1.761,114.729,114.745,10,49.182,136.873,140.55,6,,,,,,,,,2,4,6,4,2,1,1,1,1,2,6,5,3,22,1,,2,4,1,,idek tbh,,1,Growth
12/1/25 7:38,12/1/25 7:44,0,100,365,1,12/1/25 7:44,,,,,40.0558,-75.0773,anonymous,EN,4,,,,,,,,,13.812,15.921,102.398,3,32.833,32.833,38.588,1,5,5,3,5,5,4,4,4,5,4,4,2,2,19,1,,2,5,1,,to see what people think of someone from just one thing,"nope
",1,Fixed
12/1/25 7:55,12/1/25 7:59,0,100,275,1,12/1/25 7:59,,,,,29.6467,-82.3284,anonymous,EN,4,106.244,106.574,106.834,2,0,0,62.263,0,,,,,,,,,2,2,6,2,2,2,4,5,5,5,5,2,2,21,2,,1,3,1,,To see how we feel about the class and the professor,no,1,Growth
12/1/25 8:03,12/1/25 8:10,0,100,373,1,12/1/25 8:10,,,,,32.8996,-96.7906,anonymous,EN,4,,,,,,,,,105.325,144.724,145.677,2,24.971,24.971,54.586,1,5,6,2,6,4,5,5,5,5,5,2,2,2,21,1,,2,5,1,,review a course and evaluate it to provide data on college students' opinions,n/a,1,Fixed
12/1/25 8:23,12/1/25 8:31,0,100,505,1,12/1/25 8:31,,,,,35.0514,-89.9265,anonymous,EN,4,1.699,207.864,231.148,23,8.891,98.817,101.576,21,,,,,,,,,4,4,5,3,3,3,3,3,3,3,2,4,4,23,1,,2,4,1,,To investigate how people perceive a rubric or course description designed for a local community college by Stanford. People are to evaluate the courses and give feedback to the researchers.,No.,1,Growth
12/1/25 8:40,12/1/25 8:45,0,100,270,1,12/1/25 8:45,,,,,33.995,-81.0888,anonymous,EN,4,0.765,98.309,98.888,10,14.669,69.625,70.082,12,,,,,,,,,1,1,6,1,1,1,1,1,1,1,6,1,1,20,1,,2,4,1,,To evaluate how we perceive professors based off the syllabus ,No,1,Growth
12/1/25 8:39,12/1/25 8:45,0,100,393,1,12/1/25 8:45,,,,,44.9764,-93.224,anonymous,EN,4,,,,,,,,,0,0,67.101,0,31.09,31.09,31.839,1,6,6,2,6,6,4,3,3,4,3,4,3,3,20,4,,1,4,1,,Determine college students' perceptions of a professor based on their syllabus.,,1,Fixed
12/1/25 9:57,12/1/25 10:02,0,100,329,1,12/1/25 10:02,,,,,43.0747,-77.5181,anonymous,EN,4,,,,,,,,,8.376,91.833,96.261,11,20.713,56.977,57.594,8,6,6,2,6,6,4,4,4,5,3,3,3,3,22,1,,2,4,1,,Perceptions of Professor based on language in the syllabus,Thank you!,1,Fixed
12/1/25 10:43,12/1/25 10:49,0,100,327,1,12/1/25 10:49,,,,,26.0717,-97.4764,anonymous,EN,4,0,0,106.092,0,0,0,76.454,0,,,,,,,,,2,2,5,2,2,1,2,2,2,2,5,2,2,24,"1,2",,1,4,1,,To get student's impressions of college courses based on a syllabus. ,Interesting study. ,1,Growth
12/1/25 11:14,12/1/25 11:20,0,100,398,1,12/1/25 11:20,,,,,40.0746,-88.1691,anonymous,EN,4,,,,,,,,,0,0,118.313,0,0.022,0.022,77.999,1,5,6,2,6,3,4,4,5,4,6,1,3,5,20,3,,1,4,1,,To find our opinions on intelligence,no,1,Fixed
12/1/25 11:33,12/1/25 11:41,0,100,497,1,12/1/25 11:41,,,,,35.8974,-83.9425,anonymous,EN,4,0,0,92.886,0,0,0,87.64,0,,,,,,,,,1,1,5,2,2,3,4,4,3,5,3,2,1,21,1,,2,6,1,,If people believe they van change smartness,No,1,Growth
12/1/25 12:11,12/1/25 12:23,0,100,696,1,12/1/25 12:23,,,,,33.7485,-84.3871,anonymous,EN,4,,,,,,,,,7.258,18.553,323.276,2,6.562,246.178,246.996,3,3,2,4,2,3,3,2,5,4,4,2,3,5,21,1,,1,4,1,,To see if this syllabus makes the teacher seem biased or anything,N/A,1,Fixed
12/1/25 12:46,12/1/25 12:56,0,100,549,1,12/1/25 12:56,,,,,36.2038,-115.2255,anonymous,EN,4,31.517,234.042,261.576,15,19.852,71.302,74.183,7,,,,,,,,,1,1,6,2,2,3,2,5,5,5,2,1,2,21,"1,4",,1,4,1,,To determine student perceptions of class syllabus.,N/A,1,Growth
12/1/25 13:09,12/1/25 13:14,0,100,308,1,12/1/25 13:14,,,,,42.1597,-88.1414,anonymous,EN,4,,,,,,,,,0,0,66.614,0,0,0,27.73,0,6,5,4,5,3,5,6,6,6,6,2,2,1,18,"1,4",,1,5,1,,To analyze how wording affects perception,"I'm not sure if I understood the scale on the first slide, but I figured it out later.",2,Fixed
12/1/25 13:09,12/1/25 13:15,0,100,368,1,12/1/25 13:15,,,,,39.7007,-75.7419,anonymous,EN,4,0,0,90.913,0,0,0,69.501,0,,,,,,,,,3,3,5,2,2,2,2,5,5,5,4,2,2,19,"1,2",,2,4,1,,to see how students judge professors that seem to be more strict ,none,1,Growth
12/1/25 13:20,12/1/25 13:28,0,100,423,1,12/1/25 13:28,,,,,40.112,-88.2365,anonymous,EN,4,0,0,101.967,0,0,0,165.98,0,,,,,,,,,2,1,5,3,2,3,2,2,2,1,2,5,6,20,1,,2,4,1,,I think to measure a student's opinion of a course syllabus.,N/A,1,Growth
12/1/25 14:00,12/1/25 14:06,0,100,364,1,12/1/25 14:06,,,,,39.1361,-77.2824,anonymous,EN,4,,,,,,,,,0,0,86.97,0,0,0,33.943,0,5,5,2,4,4,4,3,4,3,3,3,3,3,21,"1,6",,2,6,1,,To see how college students view the personal beliefs and values of the professor in question based on their class syllabus. ,,1,Fixed
12/1/25 14:10,12/1/25 14:15,0,100,291,1,12/1/25 14:15,,,,,35.9153,-79.0386,anonymous,EN,4,,,,,,,,,0,0,92.259,0,0,0,55.228,0,5,6,2,5,5,4,3,5,6,6,2,2,1,19,"2,3",,2,2,1,,How wording of syllabi affects students confidence in courses,N/A,1,Fixed
12/1/25 14:21,12/1/25 14:30,0,100,484,1,12/1/25 14:30,,,,,45.0782,-93.1894,anonymous,EN,4,0,0,153.17,0,0,0,107.363,0,,,,,,,,,1,2,6,2,1,1,1,2,2,3,5,1,1,22,1,,1,5,1,,To examine how students would feel based on the content of a course and its syllabus,None,1,Growth
12/1/25 14:46,12/1/25 14:54,0,100,440,1,12/1/25 14:54,,,,,43.0421,-87.936,anonymous,EN,4,1.35,124.355,136.078,18,2.071,89.385,95.423,11,,,,,,,,,2,2,5,2,2,2,2,5,4,4,2,2,3,19,1,,2,4,1,,How well a syllabus can connect a student to class,,1,Growth
12/1/25 15:03,12/1/25 15:09,0,100,359,1,12/1/25 15:09,,,,,42.8115,-73.8649,anonymous,EN,4,,,,,,,,,23.272,143.292,144.301,25,9.613,29.338,34.048,5,5,5,2,6,5,4,4,5,5,5,4,2,2,19,1,,1,4,1,,Student’s perceptions on syllabus and coursework and how they view their teachers based on these factors,No,1,Fixed
12/1/25 15:09,12/1/25 15:13,0,100,268,1,12/1/25 15:13,,,,,40.112,-88.2365,anonymous,EN,4,,,,,,,,,0,0,70.291,0,0,0,49.416,0,6,6,2,6,6,5,5,5,4,5,3,2,2,20,1,,2,3,1,,How students perseve the professor ,,1,Fixed
12/1/25 15:13,12/1/25 15:16,0,100,195,1,12/1/25 15:16,,,,,33.7015,-117.7528,anonymous,EN,4,,,,,,,,,0,0,2.703,0,2.532,2.756,8.928,2,5,6,3,5,4,3,2,5,5,4,5,6,6,18,"1,6",,1,6,1,,Help the professor understand their public perception based off this syllabus,,1,Fixed
12/1/25 16:12,12/1/25 16:18,0,100,403,1,12/1/25 16:18,,,,,29.6226,-95.2546,anonymous,EN,4,0,0,121.901,0,0,0,61.535,0,,,,,,,,,1,1,6,1,1,1,2,2,1,3,5,2,1,21,4,,2,3,1,,The purpose is to see if encouragement in a syllabus encourages students to do well in a class or feel comfortable.,N/A,1,Growth
12/1/25 17:47,12/1/25 17:52,0,100,320,1,12/1/25 17:52,,,,,34.0264,-117.936,anonymous,EN,4,,,,,,,,,0,0,96.51,0,0,0,50.13,0,6,6,2,6,6,6,6,6,6,6,1,2,2,22,4,,2,4,1,,To see if professor is biased towards students based on the syllabus.,N/A,1,Fixed
12/1/25 17:43,12/1/25 17:52,0,100,557,1,12/1/25 17:52,,,,,38.6326,-77.2661,anonymous,EN,4,0.546,92.265,93.101,38,5.769,90.774,93.863,14,,,,,,,,,1,2,5,2,1,1,1,5,4,4,2,1,1,21,4,,1,4,1,,Rate professor on calulus course,,1,Growth
12/1/25 18:39,12/1/25 18:48,0,100,497,1,12/1/25 18:48,,,,,33.7499,-117.9071,anonymous,EN,4,15.174,64.044,175.317,15,2.682,103.047,116.663,4,,,,,,,,,1,1,6,1,1,1,3,4,3,5,5,1,1,23,4,,1,4,1,,research on how people interpret a syllabus for their class,n/a,1,Growth
12/1/25 18:49,12/1/25 18:55,0,100,376,1,12/1/25 18:55,,,,,41.7821,-87.6046,anonymous,EN,4,,,,,,,,,0,0,106.472,0,19.772,29.408,99.1,3,6,6,1,6,6,6,6,6,6,6,1,1,1,21,"1,2",,1,4,1,,Exploring perceptions of language use regarding abilities?,Nope,1,Fixed
12/1/25 18:56,12/1/25 19:05,0,100,543,1,12/1/25 19:05,,,,,29.8737,-97.9361,anonymous,EN,4,,,,,,,,,10.463,52.26,88.738,11,0,0,77.15,0,6,6,1,6,6,6,6,6,5,6,1,1,1,21,2,,2,2,1,,"To evaluate a course syllabus and give an opinion on the professor, the class expectations and format, and determine how a student would probably feel reading through it.",n/a,1,Fixed
12/1/25 19:53,12/1/25 19:58,0,100,313,1,12/1/25 19:58,,,,,28.0631,-82.4069,anonymous,EN,4,0,0,93.108,0,3.002,5.828,66.002,5,,,,,,,,,2,2,5,2,2,1,1,4,4,4,5,1,1,21,1,,1,4,1,,To see how policies in a syllabus impacts how a student perceives a professor,Na,1,Growth
12/1/25 20:10,12/1/25 20:14,0,100,251,1,12/1/25 20:14,,,,,38.6332,-90.2176,anonymous,EN,4,,,,,,,,,2.938,17.886,20.557,4,4.822,4.822,6.545,1,3,6,2,5,5,3,5,3,5,5,3,3,1,19,1,,2,4,1,,No idea,,1,Fixed
12/1/25 20:59,12/1/25 21:05,0,100,349,1,12/1/25 21:05,,,,,29.6475,-82.404,anonymous,EN,4,1.749,126.566,127.335,18,16.737,72.601,73.232,15,,,,,,,,,1,1,5,3,2,3,4,5,4,4,3,2,3,23,"1,6",,1,4,1,,Measure how people feel about certain messages in syllabus ,No,1,Growth
12/1/25 21:15,12/1/25 21:20,0,100,263,1,12/1/25 21:20,,,,,37.7834,-122.1862,anonymous,EN,4,,,,,,,,,0,0,90.819,0,0,0,39.996,0,6,6,2,6,6,5,5,6,6,5,2,1,2,20,4,,2,5,1,,Looking at students' views on classes and professors depending on the language in the syllabus,no,1,Fixed
12/1/25 21:42,12/1/25 21:52,0,100,588,1,12/1/25 21:52,,,,,28.4986,-81.5353,anonymous,EN,4,1.348,1.348,212.635,1,0,0,164.283,0,,,,,,,,,4,6,6,1,1,1,1,4,5,6,1,1,1,23,1,,1,4,1,,I think the purpose of this study was to understand if people can actually get good grades in math if they put them self foward and attend the lectures.,,1,Growth
12/1/25 21:15,12/1/25 22:05,0,100,3008,1,12/1/25 22:05,,,,,35.1716,-80.9118,anonymous,EN,4,3.606,419.862,422.523,29,19.539,659.546,660.651,26,,,,,,,,,1,1,5,1,1,1,1,2,3,2,5,2,2,24,3,,2,4,1,,To see how students opinions of a professor are shaped before meeting them.,No,1,Growth
12/1/25 22:06,12/1/25 22:11,0,100,273,1,12/1/25 22:11,,,,,35.9153,-79.0386,anonymous,EN,4,,,,,,,,,0,0,101.766,0,31.758,32.921,35.365,3,6,6,3,6,5,4,4,5,5,5,4,3,3,19,1,,2,4,1,,To determine thoughts on professors wording of syllabus details like students success,,1,Fixed
12/1/25 22:05,12/1/25 22:12,0,100,454,1,12/1/25 22:12,,,,,32.5484,-85.4682,anonymous,EN,4,,,,,,,,,1.954,14.98,28.348,6,7.789,13.493,13.806,3,6,6,1,6,6,1,1,5,4,3,2,2,2,21,2,,1,4,1,,"The message from the professors syllabus to the students
",nope!,1,Fixed
12/1/25 22:17,12/1/25 22:22,0,100,348,1,12/1/25 22:22,,,,,41.8006,-72.2466,anonymous,EN,4,3.697,99.595,100.4,19,22.429,26.348,65.678,3,,,,,,,,,4,3,4,3,5,3,3,4,3,4,4,3,3,20,3,,1,4,1,,To determine if someone reads a syllabus,,2,Growth
12/1/25 23:54,12/2/25 0:03,0,100,509,1,12/2/25 0:03,,,,,40.058,-75.1876,anonymous,EN,4,13.827,96.238,96.828,15,43.767,43.767,61.659,1,,,,,,,,,1,2,6,3,3,1,1,1,1,1,6,1,1,22,3,,2,4,1,,To see how students may view a professor based off the language/setup used in the syllabus (first impression). ,no,1,Growth
12/2/25 0:29,12/2/25 0:35,0,100,344,1,12/2/25 0:35,,,,,35.4619,-97.3932,anonymous,EN,4,,,,,,,,,9.921,81.117,92.363,20,6.758,48.713,57.973,11,6,6,2,6,6,5,5,4,5,4,3,1,1,20,"1,2",,3,5,1,,To judge perceptions on a course.,,1,Fixed
12/2/25 7:37,12/2/25 7:45,0,100,475,1,12/2/25 7:45,,,,,29.7388,-95.8309,anonymous,EN,4,44.663,124.803,133.295,3,22.068,22.068,71.518,1,,,,,,,,,1,1,6,1,1,2,2,2,1,1,6,1,1,21,4,,1,4,1,,How people perceive other people such as professors based on content they put out such as the syllabus.,N/A,1,Growth
12/2/25 8:58,12/2/25 9:03,0,100,309,1,12/2/25 9:03,,,,,40.5153,-112.0316,anonymous,EN,4,,,,,,,,,2.556,76.454,77.631,5,5.442,44.651,46.613,5,6,6,1,6,6,4,4,6,6,6,1,2,2,20,4,,2,4,1,,To determine if someone that thinks that intelligence is either something you have or don't thinks that men and women have different levels of intellect,,1,Fixed
12/2/25 12:36,12/2/25 12:41,0,100,318,1,12/2/25 12:41,,,,,30.1547,-95.1992,anonymous,EN,4,0,0,95.541,0,0,0,60.673,0,,,,,,,,,1,1,6,1,1,2,2,6,6,6,2,6,6,22,"1,3",,2,4,1,,To analyze student impressions based on a course syllabus  ,none,1,Growth
12/2/25 13:09,12/2/25 13:15,0,100,342,1,12/2/25 13:15,,,,,39.9739,-75.1456,anonymous,EN,4,,,,,,,,,0,0,128.344,0,0,0,55,0,5,5,3,5,6,5,5,4,6,5,3,4,4,22,4,,2,4,1,,"The purpose of this study is to look at syllabus design and what it communicates to students, seeing how it encourages or discourages them from taking a course.",N/A,1,Fixed
12/2/25 13:15,12/2/25 13:25,0,100,605,1,12/2/25 13:25,,,,,35.7633,-78.71,anonymous,EN,4,,,,,,,,,0,0,201.82,0,0,0,85.978,0,5,6,3,4,4,5,5,6,5,3,3,2,4,20,1,,2,4,1,,To assess how college students view courses prior to taking the class.,no,1,Fixed
12/2/25 14:14,12/2/25 14:21,0,100,399,1,12/2/25 14:21,,,,,40.6561,-75.2336,anonymous,EN,4,0,0,130.182,0,0,0,104.545,0,,,,,,,,,3,3,4,4,3,2,2,4,6,5,4,2,3,19,1,,1,4,1,,judging based on tone and content,no,1,Growth
12/2/25 15:10,12/2/25 15:22,0,100,668,1,12/2/25 15:22,,,,,43.1806,-77.5948,anonymous,EN,4,35.273,212.818,229.029,7,51.252,189.681,194.115,6,,,,,,,,,1,1,6,2,1,2,2,2,4,2,3,1,2,21,"2,3",,2,5,1,,to understand what college students think about a course description ,N/A,1,Growth
12/2/25 15:55,12/2/25 16:04,0,100,539,1,12/2/25 16:04,,,,,28.6841,-81.2812,anonymous,EN,4,,,,,,,,,110.149,110.149,115.425,1,57.135,57.135,57.806,1,6,6,1,6,6,4,5,5,6,6,2,3,4,18,1,,1,6,1,,"To find a correlation between a professor's attitude towards intelligence and how how confident a student would feel in the class,",,1,Fixed
12/2/25 17:10,12/2/25 17:18,0,100,478,1,12/2/25 17:18,,,,,41.0031,-87.9081,anonymous,EN,4,27.602,77.084,149.703,5,0,0,132.773,0,,,,,,,,,4,5,6,4,3,4,4,2,3,3,5,1,2,19,1,,1,2,1,,The purpose of this study were for current or recent college students to evaluate a college course and rate the professor.,"I have no other thoughts to share, thank you!",1,Growth
12/2/25 17:37,12/2/25 17:39,0,100,111,1,12/2/25 17:39,,,,,46.8524,-96.8121,anonymous,EN,4,,,,,,,,,0,0,7.121,0,0,0,8.506,0,3,4,4,3,4,4,3,4,3,4,3,4,3,21,1,,2,4,1,,Get college students oppions on professors,N/A,1,Fixed
12/2/25 17:52,12/2/25 17:56,0,100,204,1,12/2/25 17:56,,,,,38.8865,-77.0911,anonymous,EN,4,,,,,,,,,0,0,55.152,0,22.675,22.675,24.53,1,5,5,3,5,5,5,5,6,6,6,6,2,2,22,1,,2,6,1,,Not sure,,1,Fixed
12/2/25 18:14,12/2/25 18:23,0,100,510,1,12/2/25 18:23,,,,,39.214,-94.5826,anonymous,EN,4,1.255,141.654,142.858,8,2.246,90.991,94.185,10,,,,,,,,,1,1,6,1,1,1,1,4,1,2,5,1,1,25,1,,1,2,1,,To get a view on how classes are run and how it ties to personal beliefs and intelligence.,Nothing in particular but thank you and have a wonderful day!,1,Growth
12/2/25 22:30,12/2/25 22:38,0,100,466,1,12/2/25 22:38,,,,,33.7485,-84.3871,anonymous,EN,4,0,0,126.302,0,0,0,107.93,0,,,,,,,,,1,1,6,1,1,1,1,5,4,5,1,2,2,21,4,,2,6,1,,What students perceive a professor to be like based on a syllabus. ,"The syllabus is mostly reasonable, except the first quiz, since most colleges have an add-drop week, so some students may not be registered for the class in time.",1,Growth
12/3/25 0:32,12/3/25 0:38,0,100,317,1,12/3/25 0:38,,,,,42.3535,-71.3691,anonymous,EN,4,,,,,,,,,26.375,60.111,63.037,8,12.327,26.211,26.869,5,2,3,4,3,3,3,3,4,5,5,5,2,1,21,4,,1,6,1,,To see what students assume about teachers based of course descriptions,No,1,Fixed
12/3/25 1:39,12/3/25 1:45,0,100,399,1,12/3/25 1:45,,,,,32.9376,-97.0829,anonymous,EN,4,,,,,,,,,33.749,64.787,74.479,9,80.879,80.879,81.938,1,5,6,2,6,6,5,5,4,5,1,1,4,5,25,"1,2",,1,2,1,,Analyze the way people perceive a very opinionated professor's class syllabus. ,Nothing in particular.,1,Fixed
12/3/25 11:33,12/3/25 11:38,0,100,289,1,12/3/25 11:38,,,,,39.7665,-75.1443,anonymous,EN,4,0,0,92.966,0,0,0,63.916,0,,,,,,,,,2,1,6,1,1,2,3,3,3,4,3,1,1,21,1,,2,4,1,,how you judge a professor based on the sllyabus ,no,1,Growth
12/3/25 13:48,12/3/25 13:52,0,100,245,1,12/3/25 13:52,,,,,33.4306,-111.9256,anonymous,EN,4,,,,,,,,,18.043,44.918,47.08,9,5.786,15.732,16.752,4,6,6,2,6,5,4,4,4,4,4,4,2,2,22,4,,2,6,1,,To determine if how certain words can be interpreted as a characteristic describing an individual that has it,,1,Fixed
12/3/25 16:03,12/3/25 16:06,0,100,185,1,12/3/25 16:06,,,,,34.989,-90.0126,anonymous,EN,4,,,,,,,,,1.177,5.262,8.398,2,7,7,8.177,1,4,1,5,2,2,1,1,4,4,4,6,1,1,25,3,,2,4,1,,Assumptions of professors based on syllabus.,N/A.,1,Fixed
12/3/25 16:53,12/3/25 16:59,0,100,370,1,12/3/25 16:59,,,,,41.8006,-72.2466,anonymous,EN,4,0,0,118.86,0,0,0,75.992,0,,,,,,,,,2,4,6,2,2,2,2,3,4,2,2,2,2,19,"1,2,3",,2,5,1,,To see how a syllabus can reflect on how people view a professor,no,1,Growth
12/3/25 16:55,12/3/25 17:01,0,100,336,1,12/3/25 17:01,,,,,42.7367,-84.4758,anonymous,EN,4,110.36,110.36,110.829,1,0,0,70.755,0,,,,,,,,,3,3,4,4,4,4,5,4,3,3,4,4,4,21,"1,4",,2,5,1,,"To learn about how college students perceive professors, based on their syllabuses.","None, good luck on your research!",1,Growth
12/3/25 17:07,12/3/25 17:14,0,100,416,1,12/3/25 17:14,,,,,32.5444,-97.3171,anonymous,EN,4,,,,,,,,,0,0,155.16,0,0,0,72.872,0,6,6,2,6,6,6,5,6,6,6,1,2,2,19,"1,2",,2,2,1,,To see how people interpret the wording in a syllabus,N/A,1,Fixed
12/3/25 17:24,12/3/25 17:29,0,100,312,1,12/3/25 17:29,,,,,42.7684,-78.8871,anonymous,EN,4,,,,,,,,,0,0,119.954,0,69.325,69.325,69.916,1,6,6,1,6,6,5,3,6,5,5,1,2,3,20,1,,1,4,1,,seeing how a views of a higher figure influence yours ,,1,Fixed
12/3/25 19:40,12/3/25 19:49,0,100,519,1,12/3/25 19:49,,,,,38.6646,-90.5758,anonymous,EN,4,13.762,114.014,116.245,23,8.375,67.575,76.145,17,,,,,,,,,2,3,6,3,2,1,1,2,2,2,5,4,4,21,2,,2,3,1,,To see how people think of intelligence,N/A,1,Growth
12/3/25 22:01,12/3/25 22:09,0,100,451,1,12/3/25 22:09,,,,,39.1397,-86.5141,anonymous,EN,4,,,,,,,,,0,0,154.037,0,0,0,62.445,0,6,6,2,6,6,5,5,5,5,6,2,3,3,22,1,,2,5,1,,"To see how students view professors based on their syllabus, and the rate of students who drop out of classes","I hope this is not a real professor or syllabus because he sounded very mean and condescending, and a final with half of your grade is crazy",1,Fixed
12/4/25 5:24,12/4/25 5:30,0,100,381,1,12/4/25 5:30,,,,,42.3914,-83.1493,anonymous,EN,4,2.065,123.827,142.641,18,1.357,65.688,67.098,13,,,,,,,,,1,1,6,1,2,2,1,2,2,1,5,1,1,24,"1,6",,1,4,1,,I think purpose is to see if how people feel about their own abilities will affect how they rate a hypothetical course. ,nothing in particular,1,Growth
12/4/25 9:56,12/4/25 10:01,0,100,338,1,12/4/25 10:01,,,,,29.5183,-95.0977,anonymous,EN,4,0,0,99.668,0,24.461,62.249,81.046,2,,,,,,,,,5,6,2,6,6,3,3,5,6,4,4,1,1,19,4,,1,2,1,,How people see professors from a syllabus,,1,Growth
12/4/25 13:47,12/4/25 13:51,0,100,269,1,12/4/25 13:51,,,,,34.0344,-84.6002,anonymous,EN,4,,,,,,,,,0,0,62.564,0,0,0,35.982,0,4,5,3,5,5,6,6,5,6,4,2,2,2,21,3,,2,4,1,,To see how people respond to certain language used in course syllabi. ,N/A,1,Fixed
12/4/25 18:14,12/4/25 18:21,0,100,441,1,12/4/25 18:21,,,,,35.9911,-84.121,anonymous,EN,4,0.481,71.757,105.017,21,17.086,65.934,66.6,9,,,,,,,,,2,2,5,2,2,3,3,4,4,4,3,1,2,21,1,,2,3,1,,To determine the connotation of certain professors' expectations. ,N/a,1,Growth
12/4/25 21:04,12/4/25 21:08,0,100,230,1,12/4/25 21:08,,,,,40.6643,-73.9763,anonymous,EN,4,,,,,,,,,0,0,47.11,0,0,0,69.31,0,3,4,2,4,3,3,4,2,4,2,2,4,2,22,"1,3",,2,4,1,,no idea,,1,Fixed
12/4/25 23:07,12/4/25 23:15,0,100,478,1,12/4/25 23:15,,,,,34.1078,-84.5026,anonymous,EN,4,0,0,130.433,0,0,0,87.962,0,,,,,,,,,1,1,6,1,1,1,1,2,2,3,6,3,4,20,"1,4",,1,2,1,,cultivating a secure learning environment for students.,I remember taking a few surveys with these exact same questions last fall for my ODE class! Only without the professor and syllabus stuff :D,1,Growth
12/5/25 9:19,12/5/25 9:25,0,100,385,1,12/5/25 9:25,,,,,42.0924,-72.517,anonymous,EN,4,,,,,,,,,0,0,158.254,0,0,0,31.701,0,6,6,1,6,6,5,5,6,5,6,1,1,1,20,1,,2,6,1,,To see how effective this professor would be,No,1,Fixed
12/5/25 10:42,12/5/25 10:46,0,100,282,1,12/5/25 10:46,,,,,35.4502,-79.1362,anonymous,EN,4,0,0,91.854,0,0,0,81.061,0,,,,,,,,,3,3,4,3,3,3,3,5,5,5,2,1,1,19,"2,3",,3,4,1,,Might be related to the current administration looking into a professor,nope,1,Growth
12/5/25 16:17,12/5/25 16:23,0,100,367,1,12/5/25 16:23,,,,,35.8047,-78.8881,anonymous,EN,4,,,,,,,,,1.353,115.729,130.944,28,23.923,55.659,57.3,15,5,5,3,5,5,4,4,3,3,3,4,2,2,22,1,,2,4,1,,To see how you would feel taking a class with this professor ,Nope!,1,Fixed
12/5/25 16:37,12/5/25 16:43,0,100,353,1,12/5/25 16:43,,,,,45.461,-122.7052,anonymous,EN,4,0,0,92.557,0,0,0,104.563,0,,,,,,,,,2,2,6,2,2,4,4,3,4,4,4,1,1,22,1,,1,6,1,,To see how people interpret unspoken social signifiers within a syllabus.,,1,Growth
12/5/25 18:49,12/5/25 18:54,0,100,254,1,12/5/25 18:54,,,,,41.1054,-80.6905,anonymous,EN,4,,,,,,,,,0,0,45.676,0,13.748,13.748,14.738,1,5,5,2,4,4,4,5,2,2,2,5,2,2,20,"1,6",,1,6,1,,Determining a syllabus and gauging what the class may be like.,no,1,Fixed
12/5/25 21:09,12/5/25 21:14,0,100,284,1,12/5/25 21:14,,,,,35.8974,-83.9425,anonymous,EN,4,,,,,,,,,0,0,68.787,0,0,0,18.311,0,5,5,2,5,5,4,4,6,6,6,2,2,2,21,1,,2,5,1,,Seeing if people believe you can gain intelligence or not.,n/a,1,Fixed
12/5/25 21:15,12/5/25 21:24,0,100,541,1,12/5/25 21:24,,,,,39.6973,-104.8394,anonymous,EN,4,35.006,212.885,215.816,5,1.81,84.84,87.696,3,,,,,,,,,1,1,6,1,1,1,1,2,2,3,6,1,1,24,1,,1,6,1,,To see whether different parts of the syllabus make people feel like the professor is discouraging or thinks that people can't get smarter,No,1,Growth
12/6/25 1:53,12/6/25 2:00,0,100,421,1,12/6/25 2:00,,,,,45.35,-122.8559,anonymous,EN,4,11.975,117.821,138.2,15,4.255,98.476,98.499,11,,,,,,,,,5,4,6,4,1,1,2,3,4,1,5,1,2,22,2,,1,3,1,,I think it’s the reaction of how a very strict Proffesor who has high expectations for his students and see how students would feel about such straight forward expectations.,,1,Growth
12/6/25 7:32,12/6/25 7:38,0,100,337,1,12/6/25 7:38,,,,,33.3123,-83.3644,anonymous,EN,4,,,,,,,,,12.083,70.809,82.069,9,2.656,2.656,5.358,1,4,5,5,4,4,2,2,3,3,3,5,2,2,23,1,,1,2,1,,what do students think about teachers based on rubric,no,1,Fixed
12/6/25 9:50,12/6/25 9:57,0,100,412,1,12/6/25 9:57,,,,,35.1947,-80.744,anonymous,EN,4,,,,,,,,,15.101,131.529,132.566,24,13.82,52.454,54.899,9,4,4,2,5,4,4,5,6,6,6,6,2,1,20,3,,3,2,1,,to see how a college course is perseved by people.,no,1,Fixed
12/6/25 12:17,12/6/25 12:21,0,100,230,1,12/6/25 12:21,,,,,37.423,-122.1639,anonymous,EN,4,0,0,116.985,0,0,0,74.223,0,,,,,,,,,,,,,,,,,,,,,,,,,,,,,,,,Growth
12/6/25 12:33,12/6/25 12:41,0,100,458,1,12/6/25 12:41,,,,,41.7697,-87.6985,anonymous,EN,4,0,0,104.402,0,0,0,63.378,0,,,,,,,,,2,5,4,2,2,2,2,3,2,3,5,2,2,22,4,,2,1,3,i just graduated this year,evaluating people's perception of someone based on limited information such as what their language use might reveal about them,,1,Growth
12/6/25 12:35,12/6/25 12:42,0,100,380,1,12/6/25 12:42,,,,,35.2522,-80.8263,anonymous,EN,4,,,,,,,,,47.438,47.438,99.09,1,0,0,57.192,0,6,6,1,6,6,5,5,6,6,6,1,2,2,25,1,,2,5,2,,To see if we have a fixed or growth mindset,no,1,Fixed
12/6/25 12:37,12/6/25 12:52,0,100,929,1,12/6/25 12:52,,,,,36.3933,-97.9158,anonymous,EN,4,,,,,,,,,3.944,295.228,295.7,33,1.68,82.46,82.878,13,5,6,1,6,6,6,6,6,6,6,1,2,1,24,1,,2,5,2,,I think the purpose is to see how this professor is portrayed and the assumptions that would be made after reading his course. ,No,1,Fixed
12/6/25 12:51,12/6/25 12:57,0,100,352,1,12/6/25 12:57,,,,,38.9034,-76.9882,anonymous,EN,4,,,,,,,,,0,0,109.854,0,0,0,62.396,0,6,6,1,6,6,5,5,6,6,6,2,2,2,24,1,,1,5,2,,To assess people's assumptions about the professor based on the syllabus's judgmental and anti-growth attitude,,1,Fixed
12/6/25 12:55,12/6/25 13:00,0,100,331,1,12/6/25 13:00,,,,,39.8952,-75.0347,anonymous,EN,4,0,0,103.818,0,0,0,64.885,0,,,,,,,,,1,1,6,1,1,1,1,1,1,1,6,1,1,24,1,,2,5,2,,To determine if the syllabus sounds bias,No other thoughts,1,Growth
12/6/25 12:56,12/6/25 13:01,0,100,335,1,12/6/25 13:01,,,,,34.4133,-118.0917,anonymous,EN,4,22.624,90.699,91.758,7,19.839,59.565,61.633,13,,,,,,,,,2,2,4,3,3,3,3,4,4,4,3,1,1,24,3,,3,4,1,,To evaluate how people in different groups feel in certain classroom settings.,No,1,Growth
12/6/25 13:03,12/6/25 13:07,0,100,235,1,12/6/25 13:07,,,,,38.0373,-84.8966,anonymous,EN,4,,,,,,,,,1.273,11.577,12.822,12,2.342,4.704,9.932,5,2,2,4,4,3,2,3,4,4,4,3,3,3,25,1,,1,2,2,,Reading comprehension of proessor teaching style,no,1,Fixed
12/6/25 12:58,12/6/25 13:09,0,100,693,1,12/6/25 13:09,,,,,34.9458,-81.9334,anonymous,EN,4,,,,,,,,,1.29,94.094,95.286,4,4.916,59.717,61.063,3,6,6,6,6,1,1,1,5,5,4,5,1,1,24,3,,1,6,2,,To examine how people judge course curriculum in colleges,No,1,Fixed
12/6/25 13:03,12/6/25 13:13,0,100,549,1,12/6/25 13:13,,,,,29.7215,-95.3159,anonymous,EN,4,31.901,112.391,113.262,13,4.232,70.381,70.839,7,,,,,,,,,2,2,6,3,2,2,1,3,4,3,5,2,2,25,"1,4",,1,5,1,,Student impression ,The study was clear and straight forward. Thank you for letting me participate in this study ,1,Growth
12/6/25 13:08,12/6/25 13:15,0,100,473,1,12/6/25 13:15,,,,,32.7816,-97.0828,anonymous,EN,4,0,0,98.111,0,0,0,79.467,0,,,,,,,,,4,5,4,3,5,4,5,3,2,1,1,1,1,25,2,,1,4,1,,To get a students opinion,NA,1,Growth
12/6/25 13:08,12/6/25 13:16,0,100,486,1,12/6/25 13:16,,,,,37.751,-97.822,anonymous,EN,4,,,,,,,,,0,0,2.396,0,0,0,28.272,0,5,5,3,5,5,6,6,5,5,5,2,6,6,25,1,,2,5,2,,"Examining people's perceptions on intelligence, especially whether it can be improved or not.",The study had clear instructions and no difficulties were experienced.,1,Fixed
12/6/25 13:13,12/6/25 13:19,0,100,381,1,12/6/25 13:19,,,,,37.751,-97.822,anonymous,EN,4,0,0,102.927,0,0,0,62.006,0,,,,,,,,,1,2,6,2,3,2,1,5,5,6,4,5,5,24,3,,1,5,2,,To know what people think about classroom inteligence,None,1,Growth
12/6/25 12:47,12/6/25 13:20,0,100,1959,1,12/6/25 13:20,,,,,32.1453,-110.9456,anonymous,EN,4,9.04,89.548,142.345,4,7.365,18.175,117.805,2,,,,,,,,,1,1,6,1,1,1,1,3,4,3,3,4,5,25,1,,1,5,2,,"The purpose of this study is to understand student's impressions of the new calculus, including the professor's teaching approach, grading policies, and how students perceive their ability to learn and succeed in class ","The study was clear, well structured and supportive, with lots of resources for students to improve and succeed. The professor emphasizes learning and growth, which makes the class feel encouraging  ",1,Growth
12/6/25 13:14,12/6/25 13:24,0,100,552,1,12/6/25 13:24,,,,,36.6217,-121.7935,anonymous,EN,4,,,,,,,,,23.849,172.313,173.45,25,22.465,92.748,98.615,11,5,5,2,5,5,5,5,6,6,2,1,1,1,25,4,,2,4,2,,To figure out how people perceive intelligence.,,1,Fixed
12/6/25 13:24,12/6/25 13:32,0,100,471,1,12/6/25 13:32,,,,,42.3849,-88.3534,anonymous,EN,4,15.785,125.538,139.459,11,13.836,72.797,73.52,9,,,,,,,,,2,6,5,2,3,6,5,6,5,5,2,2,3,23,1,,2,2,2,,I think the purpose of this study it to give your input or impression on a calculus course with this specific professor . ,,1,Growth
12/6/25 13:28,12/6/25 13:35,0,100,371,1,12/6/25 13:35,,,,,42.2342,-91.1986,anonymous,EN,4,120.45,122.033,124.598,4,0,0,73.949,0,,,,,,,,,2,4,6,1,1,1,1,2,4,3,6,1,1,22,1,,1,3,2,,To gauge any unsaid biases that the professor in question may have.,N/A,1,Growth
12/6/25 13:37,12/6/25 13:39,0,100,156,1,12/6/25 13:39,,,,,34.4275,-119.859,anonymous,EN,4,,,,,,,,,0,0,37.744,0,0,0,27.567,0,3,4,4,2,3,2,2,2,2,2,2,1,1,19,1,,2,5,1,,,,1,Fixed
12/6/25 13:40,12/6/25 13:45,0,100,307,1,12/6/25 13:45,,,,,40.8792,-111.8686,anonymous,EN,4,,,,,,,,,0,0,68.058,0,0,0,13.765,0,5,6,3,5,5,5,5,5,4,5,5,2,2,25,1,,2,5,2,,thoughts on the professor,,1,Fixed
12/6/25 13:39,12/6/25 13:48,0,100,530,1,12/6/25 13:48,,,,,42.6423,-83.0514,anonymous,EN,4,0,0,92.294,0,0,0,66.739,0,,,,,,,,,1,1,5,1,1,2,2,5,5,6,3,1,1,25,1,,2,3,2,,To understand the perception of classroom expectations of a Calculus II college class.,No,1,Growth
12/6/25 13:43,12/6/25 13:50,0,100,447,1,12/6/25 13:50,,,,,37.8287,-92.2007,anonymous,EN,4,0,0,136.401,0,5.291,61.265,62.047,6,,,,,,,,,1,1,6,1,1,1,1,1,1,1,6,2,2,25,1,,2,5,2,,to find out how students think and feel about syllabi for their classes,n/a,1,Growth
12/6/25 13:46,12/6/25 13:51,0,100,284,1,12/6/25 13:51,,,,,47.6109,-122.3303,anonymous,EN,4,1.86,66.448,91.201,21,25.717,76.383,77.153,9,,,,,,,,,2,2,6,2,2,2,2,5,5,4,3,4,5,23,1,,2,3,1,,No idea,No,1,Growth
12/6/25 13:49,12/6/25 13:54,0,100,255,1,12/6/25 13:54,,,,,40.6265,-80.0559,anonymous,EN,4,,,,,,,,,13.833,90.874,91.623,19,3.139,39.251,40.43,9,6,6,2,6,6,5,5,6,6,5,1,2,2,24,1,,1,5,2,,To see how perceive the teacher and how they would act in other situations ,No,1,Fixed
12/6/25 13:18,12/6/25 13:57,0,100,2338,1,12/6/25 13:57,,,,,41.5873,-87.5103,anonymous,EN,4,,,,,,,,,0,0,2.9,0,0,0,1017.097,0,4,5,6,5,4,5,4,5,6,4,5,5,6,21,"1,2,3",,1,2,2,,To see what one thinks of college and the classes offered.,No,1,Fixed
12/6/25 13:52,12/6/25 13:58,0,100,376,1,12/6/25 13:58,,,,,39.8545,-75.3773,anonymous,EN,4,,,,,,,,,0,0,5.981,0,0,0,3.828,0,6,6,6,5,6,5,6,4,6,6,4,6,1,22,3,,1,2,1,,To get different impressions from college students.,None,1,Fixed
12/6/25 14:04,12/6/25 14:07,0,100,189,1,12/6/25 14:07,,,,,29.7495,-95.4703,anonymous,EN,4,,,,,,,,,0,0,8.061,0,0,0,14.032,0,3,6,1,6,5,2,3,6,6,6,3,1,1,24,4,,2,2,1,,impressions of college courses ,,1,Fixed
12/6/25 14:02,12/6/25 14:10,0,100,468,1,12/6/25 14:10,,,,,46.795,-96.8335,anonymous,EN,4,2.129,79.329,188.672,16,2.141,62.075,63.106,7,,,,,,,,,1,1,6,1,1,1,1,1,1,1,6,1,1,25,3,,2,5,1,,To see whether students think their professor believes intelligence can grow or is fixed and how that perception affect students,No,1,Growth
12/6/25 14:04,12/6/25 14:10,0,100,378,1,12/6/25 14:10,,,,,41.8835,-87.6305,anonymous,EN,4,5.211,87.242,100.689,19,3.444,54.174,61.208,11,,,,,,,,,3,6,5,2,2,2,2,4,3,4,4,3,2,24,1,,1,5,1,,Student perceptions of classes ,N/a,1,Growth
12/6/25 14:06,12/6/25 14:12,0,100,357,1,12/6/25 14:12,,,,,27.7728,-82.6379,anonymous,EN,4,,,,,,,,,0,0,151.413,0,0,0,65.34,0,5,5,2,5,6,5,4,2,2,1,4,3,4,22,1,,2,5,1,,To determine how language impacts perception,nope,1,Fixed
12/6/25 14:09,12/6/25 14:18,0,100,540,1,12/6/25 14:18,,,,,37.751,-97.822,anonymous,EN,4,,,,,,,,,0,0,8.479,0,15.759,31.14,34.404,6,6,5,2,5,4,1,3,4,4,3,4,2,3,24,1,,2,6,2,,knowing college student views on certain courses,no,1,Fixed
12/6/25 14:16,12/6/25 14:19,0,100,204,1,12/6/25 14:19,,,,,33.8775,-84.5017,anonymous,EN,4,,,,,,,,,61.559,61.559,63.3,1,0,0,33.347,0,6,6,2,6,5,6,6,5,5,5,5,2,3,25,1,,2,6,2,,Investigating thoughts on people's capacity to learn versus what they are born with.,None,1,Fixed
12/6/25 14:16,12/6/25 14:20,0,100,257,1,12/6/25 14:20,,,,,41.3092,-111.9659,anonymous,EN,4,,,,,,,,,1.702,43.97,103.878,20,0,0,56.443,0,4,4,2,5,4,4,4,3,2,2,4,2,2,24,1,,2,5,2,,,,1,Fixed
12/6/25 14:05,12/6/25 14:21,0,100,925,1,12/6/25 14:21,,,,,40.7758,-82.4612,anonymous,EN,4,0.767,8.976,144.672,3,8.633,10.382,185.166,3,,,,,,,,,3,3,3,3,3,4,2,3,2,4,4,2,2,21,1,,2,4,1,,I think its about how students react to the calculus ll course.,n/a,1,Growth
12/6/25 14:12,12/6/25 14:22,0,100,594,1,12/6/25 14:22,,,,,33.9571,-118.3622,anonymous,EN,4,10.884,113.218,137.413,14,25.232,98.191,100.028,11,,,,,,,,,4,6,6,1,1,4,2,4,5,6,1,2,5,23,3,,2,5,2,,To determine students/recent students thoughts on how comfortable a student would be in a strict class like this.,,1,Growth
12/6/25 14:18,12/6/25 14:25,0,100,390,1,12/6/25 14:25,,,,,39.8842,-82.7535,anonymous,EN,4,0.761,59.721,139.469,7,8.51,50.384,60.999,4,,,,,,,,,5,4,5,5,5,6,5,5,4,4,4,5,3,23,3,,2,3,2,,Evaluating how I see a syllabus,No,1,Growth
12/6/25 14:35,12/6/25 14:39,0,100,244,1,12/6/25 14:39,,,,,45.5653,-122.6448,anonymous,EN,4,,,,,,,,,0,0,84.785,0,0,0,35.995,0,6,6,1,6,6,5,5,3,3,3,4,2,2,22,1,,2,5,1,,syllabus language affect on perception of ability,n/a,1,Fixed
12/6/25 14:34,12/6/25 14:42,0,100,467,1,12/6/25 14:42,,,,,26.1101,-80.4244,anonymous,EN,4,14.3,60.074,235.231,2,2.497,36.668,82.607,2,,,,,,,,,2,4,5,2,1,1,2,2,2,4,5,4,2,23,2,,1,5,1,,See how students react to teacher syllabus,N/a,1,Growth
12/6/25 14:44,12/6/25 14:50,0,100,338,1,12/6/25 14:50,,,,,40.6739,-73.9358,anonymous,EN,4,34.393,100.994,101.598,2,0,0,113.777,0,,,,,,,,,3,3,5,3,3,3,3,4,4,3,3,2,2,23,4,,1,5,1,,To see our opinion about a calculus class and its policies,No,1,Growth
12/6/25 14:47,12/6/25 14:53,0,100,334,1,12/6/25 14:53,,,,,40.6866,-73.5124,anonymous,EN,4,76.497,76.732,95.643,2,0,0,63.172,0,,,,,,,,,1,1,6,2,1,1,1,1,3,3,5,1,4,25,1,,2,6,2,,Framing class performance as a habit (dynamic) vs. an innate skill (static) and perceptions of the instructor,,1,Growth
12/6/25 15:06,12/6/25 15:11,0,100,287,1,12/6/25 15:11,,,,,35.1287,-80.9338,anonymous,EN,4,,,,,,,,,0,0,105.948,0,0,0,45.437,0,6,6,1,6,6,4,6,6,6,6,3,1,1,25,2,,2,5,2,,see what we think about this class,,1,Fixed
12/6/25 15:16,12/6/25 15:21,0,100,302,1,12/6/25 15:21,,,,,33.5088,-112.1392,anonymous,EN,4,74.2,81.562,94.785,4,0,0,85.498,0,,,,,,,,,4,2,6,3,3,3,3,6,6,6,1,6,6,24,2,,2,3,1,,opinions on a calc ii class,n/a,1,Growth
12/6/25 15:11,12/6/25 15:21,0,100,567,1,12/6/25 15:21,,,,,33.2937,-86.7672,anonymous,EN,4,2.376,260.463,268.795,12,10.893,60.341,62.201,10,,,,,,,,,1,1,6,1,1,1,1,2,2,2,5,2,2,22,1,,2,5,2,,To interpret a professor’s view of the nature of intelligence based on their syllabus,No,1,Growth
12/6/25 15:14,12/6/25 15:22,0,100,503,1,12/6/25 15:22,,,,,43.4584,-71.5726,anonymous,EN,4,,,,,,,,,0,0,4.392,0,0,0,18.923,0,4,5,4,5,3,3,2,5,4,5,5,5,3,23,1,,1,5,1,,Facing problem in college,no,1,Fixed
12/6/25 15:16,12/6/25 15:23,0,100,450,1,12/6/25 15:23,,,,,29.7376,-95.521,anonymous,EN,4,,,,,,,,,0,0,58.751,0,0,0,65.217,0,2,3,3,2,2,1,1,2,2,2,5,1,1,20,3,,1,2,2,,A professor making sure his syllabus isn't too strict,not at all,1,Fixed
12/6/25 15:27,12/6/25 15:32,0,100,335,1,12/6/25 15:32,,,,,33.1602,-117.325,anonymous,EN,4,,,,,,,,,14.122,126.033,142.965,21,9.892,51.255,54.613,11,6,6,1,6,6,6,6,6,6,6,1,1,1,22,2,,2,5,1,,To see how students perceive professors words,No,1,Fixed
12/6/25 15:29,12/6/25 15:34,0,100,329,1,12/6/25 15:34,,,,,41.7549,-70.7105,anonymous,EN,4,6.197,90.558,91.367,26,8.269,60.116,61.357,15,,,,,,,,,2,1,6,1,1,2,2,2,3,5,3,4,3,23,2,,2,5,2,,To determine student views ofa course,,1,Growth
12/6/25 15:28,12/6/25 15:39,0,100,691,1,12/6/25 15:39,,,,,42.9429,-71.5222,anonymous,EN,4,0,0,106.237,0,0,0,62.199,0,,,,,,,,,3,5,4,5,3,5,4,5,4,5,5,4,3,23,1,,1,3,1,,student work,no,1,Growth
12/6/25 15:39,12/6/25 15:43,0,100,219,1,12/6/25 15:43,,,,,25.7552,-80.2293,anonymous,EN,4,,,,,,,,,0,0,44.558,0,0,0,23.021,0,5,4,2,4,4,3,3,2,2,4,4,2,5,25,1,,2,5,1,,professor projected beliefs/alienating marginalized groups,,1,Fixed
12/6/25 15:44,12/6/25 15:50,0,100,352,1,12/6/25 15:50,,,,,44.4507,-89.5428,anonymous,EN,4,1.711,103.63,104.383,7,0,0,101.264,0,,,,,,,,,1,2,6,2,1,2,1,2,2,3,6,1,1,24,1,,1,5,2,,To see how people perceive a syllabus for a class.,No,1,Growth
12/6/25 15:48,12/6/25 15:55,0,100,442,1,12/6/25 15:55,,,,,40.8171,-73.9392,anonymous,EN,4,,,,,,,,,30.173,146.159,146.782,8,12.756,69.004,70.349,5,6,6,2,5,6,1,1,6,5,4,2,2,2,24,2,,1,5,2,,Teachers perception of intelligence based on their material,,1,Fixed
12/6/25 15:50,12/6/25 15:56,0,100,366,1,12/6/25 15:56,,,,,29.6889,-95.3071,anonymous,EN,4,4.288,89.754,92.7,22,11.319,47.323,74.082,9,,,,,,,,,1,1,6,1,1,1,1,1,1,1,6,2,2,22,4,,2,6,2,,understand students' preconceived notions about intelligence,"I thought this was a very fair rubric/syllabus. Honestly, even more generous than most of my actual college professors, especially with how homework and quizzes are weighed at such a high percentage.",1,Growth
12/6/25 15:54,12/6/25 15:56,0,100,142,1,12/6/25 15:56,,,,,33.9531,-116.5219,anonymous,EN,4,,,,,,,,,0,0,2.48,0,0,0,44.726,0,6,6,1,6,6,6,6,6,6,6,6,1,1,22,"1,2",,2,2,1,,See if I agree with the teacher's point of view ,,1,Fixed
12/6/25 16:02,12/6/25 16:10,0,100,479,1,12/6/25 16:10,,,,,27.2823,-82.419,anonymous,EN,4,,,,,,,,,3.069,154.983,166.556,27,5.387,99.227,102.486,9,4,4,2,5,4,5,4,2,5,5,2,2,2,23,4,,1,5,2,,To see how reading a professors views on intelligence affect our own personal beliefs of intelligence ,,1,Fixed
12/6/25 16:05,12/6/25 16:17,0,100,697,1,12/6/25 16:17,,,,,34.0313,-118.3124,anonymous,EN,4,89.674,90.255,91.201,2,46.149,48.182,107.8,4,,,,,,,,,4,2,5,5,4,2,4,4,2,4,5,2,3,21,2,,1,4,1,,Being honest I have no idea what this study could be about.,No,1,Growth
12/6/25 16:27,12/6/25 16:30,0,100,218,1,12/6/25 16:30,,,,,40.112,-88.2365,anonymous,EN,4,,,,,,,,,9.769,14.886,66.974,4,6.497,36.034,37.624,40,5,5,2,5,5,3,2,5,4,5,2,1,1,22,4,,1,5,1,,To understand student perceptions of strongly worded syllabi. ,,1,Fixed
12/6/25 16:24,12/6/25 16:32,0,100,531,1,12/6/25 16:32,,,,,34.5773,-83.3324,anonymous,EN,4,,,,,,,,,145.927,145.927,147.092,1,40.106,42.769,43.509,2,6,6,1,6,6,6,6,6,6,6,1,1,1,22,3,,2,4,2,,To evaluate people's perceptions of certain professors and how that person feels towards them based on their methods.,"I'd just say based on the professors syllabus and the information given, I would absolutely dislike this professor. I would not be comfortable and the professor definitely seems like they don't give a room for comfortability anyways. The professor seems like they wouldn't be much help to students whom struggle and offers no kind of support or encouragement. I could only imagine what Calculus 1 would be like with them as the professor already seeing what the Calculus 2 experience would be.",1,Fixed
12/6/25 16:26,12/6/25 16:34,0,100,481,1,12/6/25 16:34,,,,,41.2922,-72.4616,anonymous,EN,4,5.04,164.741,165.501,20,1.882,58.722,101.563,30,,,,,,,,,2,2,5,2,1,2,2,3,4,4,4,2,2,22,1,,2,5,2,,Determine if strict professors are automatically seen as misogynistic ,,1,Growth
12/6/25 16:34,12/6/25 16:40,0,100,344,1,12/6/25 16:40,,,,,43.0446,-78.7829,anonymous,EN,4,30.339,84.088,92.184,4,0,0,77.599,0,,,,,,,,,1,1,3,2,2,5,5,2,3,3,3,2,2,21,4,,1,1,1,,To gauge how people feel about a professors class from the syllabus alone,This is an insane amount of workload a weekly quiz and daily homework for calc is horrible,1,Growth
12/6/25 16:35,12/6/25 16:40,0,100,290,1,12/6/25 16:40,,,,,33.4793,-112.3121,anonymous,EN,4,,,,,,,,,0.654,1.302,3.685,2,0.892,57.155,58.514,13,2,2,5,6,2,2,2,4,4,4,3,3,3,25,4,,1,5,1,,to see if professors syllabus refelct how they act,none,1,Fixed
12/6/25 16:00,12/6/25 16:56,0,100,3385,1,12/6/25 16:56,,,,,41.4139,-75.6827,anonymous,EN,4,,,,,,,,,1.141,4.7,5.165,3,7.1,27.119,28.245,6,3,5,6,4,4,4,4,4,5,4,3,2,2,25,1,,1,4,2,,To see how people feel about different class environments ,"n/a


Thank you!",2,Fixed
12/6/25 16:59,12/6/25 17:04,0,100,275,1,12/6/25 17:04,,,,,21.3571,-157.9258,anonymous,EN,4,,,,,,,,,0,0,83.08,0,0,0,27.145,0,5,5,2,5,5,5,4,5,5,5,5,3,3,22,4,,1,5,2,,Impression of the professor based on the syllabus.,none,1,Fixed
12/6/25 17:06,12/6/25 17:10,0,100,238,1,12/6/25 17:10,,,,,32.0839,-110.9004,anonymous,EN,4,,,,,,,,,1.461,4.28,6.539,4,0.722,2.004,4.096,2,6,6,5,6,3,3,3,6,6,6,6,3,4,23,"2,3",,1,2,2,,I don’t know,Nope,1,Fixed
12/6/25 17:06,12/6/25 17:14,0,100,471,1,12/6/25 17:14,,,,,33.7153,-84.3312,anonymous,EN,4,2.582,91.393,92.577,10,11.73,11.73,65.116,1,,,,,,,,,4,5,5,4,3,4,4,4,5,3,6,1,1,20,1,,2,5,1,,Gather different thoughts,No,2,Growth
12/6/25 17:13,12/6/25 17:20,0,100,375,1,12/6/25 17:20,,,,,47.8388,-122.1985,anonymous,EN,4,0,0,101.946,0,0,0,206.421,0,,,,,,,,,2,2,6,2,2,2,2,5,5,5,2,1,1,22,"4,7",,2,5,1,,course perceptions,,1,Growth
12/6/25 17:22,12/6/25 17:31,0,100,508,1,12/6/25 17:31,,,,,40.8731,-73.8726,anonymous,EN,4,,,,,,,,,83.07,145.154,145.771,11,27.581,38.751,70.367,3,5,6,2,5,4,5,4,5,4,4,3,1,2,23,"2,3",,1,5,2,,To see how those view knowledge and whether they think its innate or not.,,1,Fixed
12/6/25 17:36,12/6/25 17:41,0,100,321,1,12/6/25 17:41,,,,,40.9033,-74.1579,anonymous,EN,4,74.877,83.564,120.561,2,0,0,94.913,0,,,,,,,,,2,2,5,2,2,2,2,5,5,5,2,2,2,23,2,,1,5,1,,idk,no,1,Growth
12/6/25 17:39,12/6/25 17:44,0,100,290,1,12/6/25 17:44,,,,,39.5744,-106.0975,anonymous,EN,4,,,,,,,,,5.13,5.13,7.01,1,1.802,1.802,10.796,1,3,2,5,2,2,2,2,5,5,4,2,1,1,24,1,,2,5,2,,See how people think about people’s intelligence,No,1,Fixed
12/6/25 17:42,12/6/25 17:46,0,100,237,1,12/6/25 17:46,,,,,44.9388,-93.6556,anonymous,EN,4,62.831,62.831,91.554,1,0,0,62.749,0,,,,,,,,,3,3,5,3,3,2,2,3,3,3,5,3,3,22,1,,2,5,1,,to see what people who know syllabi think about one,no,1,Growth
12/6/25 17:40,12/6/25 17:47,0,100,463,1,12/6/25 17:47,,,,,41.8825,-87.7185,anonymous,EN,4,24.844,145.281,155.2,17,8.179,136.085,136.441,17,,,,,,,,,1,1,6,1,1,1,1,1,1,1,6,1,1,24,1,,2,3,2,,Perceptions of expectations ,N/a,1,Growth
12/6/25 17:49,12/6/25 17:52,0,100,206,1,12/6/25 17:52,,,,,28.2284,-82.2043,anonymous,EN,4,,,,,,,,,1.035,26.169,28.101,2,1.784,18.176,19.401,2,3,2,4,2,1,1,1,4,2,2,5,2,2,19,"2,3",,2,4,1,,Perceptions of course syllabus,,1,Fixed
12/6/25 17:51,12/6/25 18:08,0,100,1067,1,12/6/25 18:08,,,,,41.8732,-88.0002,anonymous,EN,4,,,,,,,,,199.27,286.249,300.137,2,2.732,40.772,72.893,4,6,6,1,6,6,4,4,6,6,6,1,1,1,23,1,,2,5,1,,"I think that it is about the idea of having a ""certain amount of intelligence"" and perceptions of professors who believe one way or the other.",Not at this time,1,Fixed
12/6/25 18:15,12/6/25 18:19,0,100,273,1,12/6/25 18:19,,,,,26.2134,-80.2239,anonymous,EN,4,0.896,47.233,96.331,25,1.643,44.383,61.386,20,,,,,,,,,1,1,5,1,1,1,1,4,3,3,3,1,1,21,"3,4",,2,3,1,,"to get the opinions of college students in a course, but also the professor too?",,1,Growth
12/6/25 18:14,12/6/25 18:24,0,100,608,1,12/6/25 18:24,,,,,28.5436,-81.3738,anonymous,EN,4,,,,,,,,,0.188,0.556,85.871,2,0,0,34.219,0,6,6,1,6,6,5,5,1,1,1,6,2,2,23,1,,1,3,1,,To judge how people perceive a class based off the syllabus,,1,Fixed
12/6/25 18:13,12/6/25 18:24,0,100,632,1,12/6/25 18:24,,,,,40.6372,-73.9037,anonymous,EN,4,,,,,,,,,0,0,59.638,0,27.144,27.144,27.7,1,6,5,3,3,5,6,6,5,5,6,1,1,1,23,2,,2,5,2,,Opinions on a college course,,1,Fixed
12/6/25 18:14,12/6/25 18:25,0,100,664,1,12/6/25 18:25,,,,,39.9943,-75.1181,anonymous,EN,4,2.1,99.92,100.794,5,3.402,120.818,121.893,11,,,,,,,,,4,3,6,2,2,1,1,4,4,5,5,3,2,25,1,,2,5,2,,To see what we feel based off of the syllabus ,None,1,Growth
12/6/25 18:26,12/6/25 18:32,0,100,366,1,12/6/25 18:32,,,,,35.2522,-80.8263,anonymous,EN,4,,,,,,,,,60.237,60.237,103.491,1,55.891,56.082,67.817,2,4,6,2,5,5,3,3,3,3,3,5,1,1,22,1,,3,5,2,,Something involving biases held by professors,"This syllabus read very similarly to the syllabi from when *I* took Calculus in college, except that this professor is much more of a, and pardon my french here, much more of an asshole about it.",1,Fixed
12/6/25 18:35,12/6/25 18:50,0,100,856,1,12/6/25 18:50,,,,,26.2681,-80.2092,anonymous,EN,4,0,0,146.14,0,0,0,72.059,0,,,,,,,,,3,2,5,2,2,2,2,4,6,4,4,2,2,24,4,,1,5,2,,I'd guess the purpose of this study is to evaluate a person's immediate impressions of the professor based on the contents of the syllabus.,"I got kind of mixed up in the middle when the ""positive"" and ""negative"" choices were flipped in the middle of the survey (from 1 to 6), so in case I accidently messed something up, based on the syllabus alone, I don't think the professor would treat students differently based on their gender.",1,Growth
12/6/25 18:56,12/6/25 19:03,0,100,443,1,12/6/25 19:03,,,,,33.6069,-112.2822,anonymous,EN,4,,,,,,,,,18.413,147.814,148.625,24,9.036,95.142,96.201,17,6,6,1,6,6,6,5,5,6,6,2,2,3,23,1,,2,5,2,,To see how personal opinions on intelligence affect people’s interpretation of the professor ,,1,Fixed
12/6/25 19:03,12/6/25 19:09,0,100,368,1,12/6/25 19:09,,,,,47.0399,-122.9059,anonymous,EN,4,1.127,90.866,93.538,51,1.181,7.148,71.664,6,,,,,,,,,2,1,6,1,1,2,2,2,2,2,6,1,1,24,"1,3",,3,2,1,,To assess students perception of class syllabi,No,1,Growth
12/6/25 19:06,12/6/25 19:10,0,100,276,1,12/6/25 19:10,,,,,37.9977,-88.9342,anonymous,EN,4,,,,,,,,,1.36,29.867,30.366,11,1.64,15.635,17.401,8,4,4,3,5,4,5,4,4,6,4,4,2,2,25,1,,1,5,2,,To understand how a professor can be perceived based on his course overview. ,Very interesting survey!,1,Fixed
12/6/25 19:29,12/6/25 19:35,0,100,365,1,12/6/25 19:35,,,,,40.5678,-74.1181,anonymous,EN,4,,,,,,,,,0,0,105.251,0,0,0,12.579,0,4,5,5,3,3,3,3,4,4,4,4,3,4,23,4,,1,5,2,,Perception of a syllabus and how we feel toward it. Whether or now we feel as though our intelligence is being attacked.,none,1,Fixed
12/6/25 19:31,12/6/25 19:38,0,100,419,1,12/6/25 19:38,,,,,34.4318,-118.5003,anonymous,EN,4,,,,,,,,,0,0,106.37,0,0,0,46.429,0,5,5,2,6,5,4,5,2,1,2,5,5,5,25,"1,4",,1,5,1,,See how people perceive a syllabus,N/a,1,Fixed
12/6/25 19:27,12/6/25 19:40,0,100,778,1,12/6/25 19:40,,,,,39.1995,-94.5265,anonymous,EN,4,26.349,64.234,108.052,8,39.948,41.293,108.201,6,,,,,,,,,1,1,6,1,1,2,1,4,2,4,3,1,1,22,1,,3,3,1,,To see how individuals would see themselves in this class on a scale such as how if the teacher seems to be an accepting individual or not and how safe or welcome individuals would feel here.,"I personally am not very good at math, but I think it is important that this study does consider this aspect within the syllabus as help and advice is offered throughout it if struggle is to be found.",1,Growth
12/6/25 19:33,12/6/25 19:40,0,100,424,1,12/6/25 19:40,,,,,43.6165,-116.2001,anonymous,EN,4,,,,,,,,,2.7,140.572,156.425,24,1.613,43.244,50.868,9,6,6,1,6,6,5,5,6,6,6,1,1,1,23,1,,1,3,1,,To see our reactions to the excessively negative tone throughout the syllabus and if it would impact our beliefs on one's own ability to improve academically ,None i can think of besides above thoughts. Thanks!,1,Fixed
12/6/25 19:28,12/6/25 19:45,0,100,991,1,12/6/25 19:45,,,,,34.9251,-80.7278,anonymous,EN,4,0,0,117.909,0,0,0,82.119,0,,,,,,,,,2,1,6,2,2,3,3,3,4,4,3,3,4,24,3,,2,6,2,,"Maybe to see if the professor/staff's attempts to be encouraging actually come across that way (as in, do students actually feel that they will be supported academically if they take this class, or do they feel like they will be left behind if they struggle at all).","Based on the syllabus, I would worry about how emergency situations are handled, and if missing an exam wouldn't be accommodated in that extenuating circumstance. I would probably not enjoy the homework frequency, as I was more used to weekly problem sets.",1,Growth
12/6/25 20:34,12/6/25 20:41,0,100,414,1,12/6/25 20:41,,,,,40.7429,-73.9392,anonymous,EN,4,28.545,144.042,145.466,89,3.18,45.164,96.852,47,,,,,,,,,1,1,6,1,1,2,2,3,4,4,2,3,3,22,4,,2,6,2,,How students perceive professors and a class based on the syllabus,I graduated 6 months ago,1,Growth
12/6/25 20:36,12/6/25 20:42,0,100,321,1,12/6/25 20:42,,,,,36.0913,-80.3271,anonymous,EN,4,,,,,,,,,0,0,100.752,0,0,0,48.226,0,5,5,2,5,5,4,4,5,5,5,5,2,2,21,1,,2,5,1,,perceptions on professors and intelligence,,1,Fixed
12/6/25 20:50,12/6/25 20:57,0,100,432,1,12/6/25 20:57,,,,,26.7165,-80.0679,anonymous,EN,4,,,,,,,,,0,0,4.252,0,0,0,4.042,0,4,3,4,3,4,4,3,4,5,4,3,4,5,32,1,,1,4,2,,I think the study is about the college students course impressions.,none,1,Fixed
12/6/25 20:51,12/6/25 20:58,0,100,410,1,12/6/25 20:58,,,,,32.6126,-90.0367,anonymous,EN,4,1.77,65.515,140.342,19,1.064,25.801,128.02,13,,,,,,,,,1,3,5,1,1,3,3,3,3,3,3,3,3,19,3,,2,2,1,,Learn about student’s ideologies of professors ,No,1,Growth
12/6/25 21:04,12/6/25 21:13,0,100,540,1,12/6/25 21:13,,,,,41.964,-87.8175,anonymous,EN,4,,,,,,,,,1.992,180.965,204.27,16,2.503,104.096,123.624,11,5,6,3,6,5,5,5,6,6,6,1,1,1,24,1,,2,5,1,,To see how instructors are perceived through their syllabus,,1,Fixed
12/6/25 21:10,12/6/25 21:16,0,100,355,1,12/6/25 21:16,,,,,47.6711,-122.1253,anonymous,EN,4,1.311,108.046,108.911,39,37.788,76.985,81.533,20,,,,,,,,,3,3,5,2,2,2,2,3,4,4,3,4,5,22,4,,1,4,1,,I think it is to see how people react to a certain college syllabus.,No.,1,Growth
12/6/25 21:12,12/6/25 21:20,0,100,451,1,12/6/25 21:20,,,,,36.2038,-115.2255,anonymous,EN,4,,,,,,,,,0.556,37.625,47.255,21,0.636,47.014,48.528,14,4,5,2,4,5,3,3,5,4,5,2,1,1,25,"1,2",,1,5,2,,To evaluate a course syllabus and answer questions about it.,Thank you for the opportunity to participate ,1,Fixed
12/6/25 21:24,12/6/25 21:31,0,100,388,1,12/6/25 21:31,,,,,34.0297,-84.1469,anonymous,EN,4,1.388,95.272,97.467,14,33.869,77.508,79.773,8,,,,,,,,,4,2,5,2,2,1,1,1,1,2,5,1,1,25,6,,2,6,2,,Review the syllabus of a college course,The syllabus was comprehensive!,1,Growth
11/30/25 20:29,11/30/25 20:37,0,90,460,0,12/7/25 20:37,,,,,37.423,-122.1639,anonymous,EN,4,,,,,,,,,121.989,130.598,137.172,8,11.954,49.008,50.563,17,,,,,,,,,,,,,,,,,,,,,,,,Fixed
12/1/25 4:44,12/1/25 4:45,0,56,32,0,12/8/25 4:45,,,,,37.1261,-122.1222,anonymous,EN,4,,,,,,,,,0,0,4.258,0,0,0,1.942,0,4,3,5,2,3,4,3,,,,,,,,,,,,,,,,,Fixed
12/1/25 15:09,12/1/25 15:11,0,22,132,0,12/8/25 15:11,,,,,33.7015,-117.7528,anonymous,EN,4,,,,,,,,,,,,,,,,,,,,,,,,,,,,,,,,,,,,,,,,Growth
12/3/25 14:20,12/3/25 14:23,0,22,195,0,12/10/25 14:23,,,,,29.8737,-97.9361,anonymous,EN,4,,,,,,,,,,,,,,,,,,,,,,,,,,,,,,,,,,,,,,,,Growth